"idcliente","frequenciacompras"
178410,7477
149110,5670
140960,5080
127480,4284
146060,2660
153110,2357
146460,2076
130890,1812
132630,1655
142980,1637
150390,1460
141560,1393
181180,1252
141590,1136
160330,1120
147960,1115
150050,1096
140560,1066
147690,1039
130810,1024
145270,971
175110,963
157190,928
144560,921
165490,898
155550,878
169310,877
178110,799
145050,756
177570,737
129210,720
124150,714
151590,710
176750,705
167640,692
177350,690
182830,689
173380,681
155470,680
169040,659
162410,652
155290,652
167290,648
131370,644
126810,638
179200,630
158560,620
167130,618
139690,612
169230,607
140880,589
163600,589
145020,589
141940,579
132300,573
130980,572
136940,568
144150,568
176110,563
146670,561
153580,551
169100,545
150230,543
166860,536
158610,534
176020,533
172380,533
128670,524
126820,524
159930,523
143670,520
172310,516
154980,512
170590,508
173370,504
159980,499
148950,498
145340,494
153560,489
150330,481
134080,478
125400,478
171390,477
140490,476
133190,476
179540,474
156400,474
173460,472
161610,470
173150,467
126210,467
165580,460
136680,460
158670,459
124710,459
130180,458
172200,456
180690,453
173650,447
125670,446
140850,445
180410,443
167460,442
150780,440
175810,439
147300,436
181090,435
150210,434
150440,433
181020,431
132680,427
134510,424
156150,423
124740,422
134880,422
124330,420
168130,419
130690,419
167120,419
130970,416
128410,412
156010,410
145620,408
135210,407
173400,407
130040,404
171070,404
150610,403
173640,402
130500,401
177990,397
157520,397
175760,397
173770,397
177580,396
145460,394
150340,389
146840,388
148490,388
167100,387
177060,382
134580,382
169840,382
175300,380
172430,380
148000,378
168430,378
126370,377
160070,373
144320,372
164220,369
178650,369
137670,368
181160,368
145870,367
149360,364
175090,364
147040,362
130780,358
127200,354
124510,354
180550,354
127570,352
167450,351
152490,350
154430,349
139850,349
149030,347
145470,347
164260,346
137980,346
126830,344
147020,342
151500,341
181220,340
124720,339
147110,339
161330,338
147130,337
178130,337
138710,336
174500,336
135710,336
143950,335
137090,335
127050,334
161100,334
124840,333
167790,330
130010,329
174280,328
169190,326
145350,325
179650,323
140710,321
146880,321
139750,320
132090,320
168140,319
163930,318
170490,317
147010,316
163270,314
132690,314
128390,313
164740,312
167910,312
149610,312
127660,310
151940,310
141780,309
167000,308
155130,308
137550,307
155700,306
128560,306
129710,305
137420,305
131020,304
176130,304
134180,304
170500,303
176770,303
169400,303
134680,302
153820,302
177690,300
124770,300
131480,300
138690,299
158050,299
178500,297
135340,296
170680,296
176340,296
157270,295
161870,295
126260,294
124280,294
176250,294
163260,290
165230,290
172840,288
157500,288
179750,287
176860,286
162420,285
145060,284
140570,283
145830,281
143900,281
142860,280
168730,279
160490,279
164400,279
145250,278
166840,277
161150,277
154360,277
166090,276
174490,275
167940,274
127310,274
177190,274
154270,273
125390,273
182230,272
169420,272
154930,271
151520,271
125170,271
174260,271
167050,270
174160,269
162550,269
172180,268
127000,268
182250,267
157860,266
168390,266
123620,266
141890,265
131780,265
144460,265
154530,264
154260,264
158040,262
125360,261
157080,260
133340,260
167280,260
155440,259
141910,259
127140,259
176520,259
178700,259
175960,258
146800,258
159100,258
131740,258
143290,258
150580,258
158340,258
162650,258
166550,255
152710,254
175710,253
167710,253
144720,253
166700,252
170170,252
175890,251
165500,251
146590,251
148100,251
176900,250
175280,250
140990,250
140310,250
173720,249
169450,249
145720,249
155320,249
179610,248
125830,247
135990,245
177160,245
124900,245
123590,243
153010,242
182260,242
140300,241
141800,240
171260,240
160290,240
159840,240
129570,238
144490,237
142910,237
147230,235
167440,235
147550,235
150590,234
124310,234
139880,234
134710,233
146530,233
176510,232
124760,232
171910,231
147190,231
169380,231
126620,230
164090,230
126270,230
171600,229
156440,226
131980,226
167220,225
144260,224
145730,224
161450,224
157010,223
140400,223
144620,223
176090,222
144220,222
180770,222
148080,222
170190,221
160810,221
167670,220
123780,219
130130,219
164640,219
177300,218
142770,218
178610,218
161860,218
127440,218
181450,217
151440,217
165920,216
124810,216
131240,215
135050,215
129490,215
176730,214
163700,214
140920,214
160160,214
155310,213
173890,213
149780,213
178270,212
145300,212
170150,212
154440,212
151890,212
153510,212
136100,212
132670,211
155020,211
141460,210
163480,210
170970,210
135270,209
140510,209
173480,209
139990,208
160110,208
172110,208
155180,207
175930,207
172280,207
165560,207
127090,207
125970,206
174190,206
140440,206
138420,206
155720,205
174630,204
152900,204
145290,204
137640,203
175850,203
156760,202
164580,202
159070,202
140600,202
147330,202
150460,200
131130,200
132320,200
141320,200
144190,200
174000,199
127490,199
124370,199
163950,198
174040,198
167170,198
151140,197
137770,197
127530,197
145240,196
160050,196
147090,196
170910,195
178580,195
169280,195
147350,194
153790,194
152960,194
137000,194
157070,194
137350,194
157870,193
167190,193
142210,193
177250,192
173230,192
152980,192
124170,192
136140,192
154160,192
144980,192
178940,191
158080,191
124490,191
136800,191
125530,191
146980,190
175900,190
134480,190
157560,190
167430,189
145540,189
181720,189
168180,188
125690,188
181250,187
154840,187
132660,187
132850,187
177900,187
170850,186
182040,186
166570,186
144100,186
143880,186
156220,185
137360,185
164010,185
155210,185
149630,184
158580,184
136340,184
177770,184
161210,184
167820,183
169050,183
159550,183
165250,183
168910,183
144990,182
123470,182
144010,182
157640,180
144610,180
129550,180
143070,180
166260,179
138810,178
131840,178
177500,178
150090,178
140830,177
159740,176
135360,176
124440,176
138150,176
160150,176
160590,175
182450,175
142270,175
146490,175
130150,175
165330,174
135880,174
180960,173
146390,172
130470,172
128360,172
133810,172
157380,172
166070,172
135230,172
140040,171
170730,171
126880,171
131390,170
168800,170
149440,170
174720,169
170010,169
164420,169
125620,168
135580,167
134370,167
156320,167
158380,167
141250,166
123700,166
133620,166
156870,166
182720,166
160850,166
164690,166
136540,166
152180,165
175670,165
162830,165
149070,165
168370,165
126780,165
177280,165
124730,165
138800,165
182290,164
167550,164
145910,164
164070,164
145030,164
179970,163
166780,163
156960,163
163030,162
162000,162
161800,162
143340,162
137720,162
135070,162
146690,161
126680,161
127210,161
140160,161
139490,160
160190,160
135660,160
178370,160
141120,160
141210,159
130930,159
181390,159
155270,159
176590,158
133730,158
181980,158
172130,157
176440,157
167260,157
127080,157
167750,157
155140,157
126850,157
145920,157
138380,157
134260,157
168980,157
165200,156
123950,156
156280,155
130900,155
141100,155
133940,155
150650,155
168770,155
154640,155
150040,154
124800,154
142820,154
154910,154
128770,154
166690,153
126130,153
146620,153
125200,152
133840,152
166330,152
177740,151
155110,151
155060,151
163160,151
165110,151
149710,150
175910,150
164700,150
139710,149
127790,149
125010,149
163320,149
141750,149
139010,149
146290,148
150240,148
139110,148
168000,148
178630,148
173410,148
159060,148
168090,147
172030,147
167880,147
147320,147
158620,147
170840,147
125020,147
154070,146
136440,146
132080,146
179740,146
164770,146
159160,146
150890,145
141790,145
136320,145
140810,145
155250,145
148420,145
167010,144
125770,144
125240,144
131100,144
148680,144
171640,144
139940,144
155810,144
155740,143
140320,143
152350,143
145930,143
170690,143
148520,143
142990,143
142620,143
138830,142
177000,142
152030,142
137560,142
180750,142
142430,141
180220,141
139560,141
157550,141
179210,141
135170,141
169830,140
169070,140
175450,140
170710,140
131260,140
167250,140
132120,140
181960,139
152810,139
127270,139
138620,139
178020,139
135960,138
149520,138
158450,138
178830,138
143870,138
158540,138
148410,138
160130,138
150510,138
170270,138
160140,137
164660,137
139520,137
158600,137
180650,137
168710,137
177440,136
167700,136
164970,136
162400,135
137690,135
132460,135
131410,135
138040,135
174420,135
162580,135
142340,135
135550,135
147660,135
176120,135
174440,135
144870,134
161910,134
168890,134
137040,134
130480,134
141350,134
133400,134
182100,134
174340,134
169160,133
158110,133
127120,133
172880,133
175160,133
182600,133
156730,132
125980,132
144820,132
146230,132
164380,131
144280,131
173140,131
123570,131
147100,131
162250,131
130210,131
172930,130
148440,130
153730,130
157960,130
157690,130
146960,130
164600,129
127430,129
123600,129
129350,129
181680,128
157200,128
175660,128
160760,128
133650,128
131360,127
175040,127
179790,127
180440,127
145650,127
161560,127
143410,127
177870,127
134220,127
162710,127
149300,127
151250,127
135930,127
168690,126
169180,126
165700,126
148540,126
123970,126
135760,126
126560,126
159960,126
163670,125
124560,125
161700,125
151570,125
124230,125
171800,125
176850,125
152280,125
169870,124
163400,124
127260,124
158770,124
125180,124
131680,124
178120,124
133170,124
162530,123
150380,123
158190,123
171310,123
176290,123
168990,123
162100,123
143210,123
141070,123
146260,122
146570,122
144180,122
172870,122
155840,122
167060,122
180160,122
139080,122
154100,122
150060,121
139930,121
143820,121
126470,121
154940,121
160570,121
180790,120
169850,120
171140,120
148780,120
135480,120
162220,120
129370,120
173600,120
159870,120
144650,120
131150,120
144930,120
145770,119
131590,119
131990,119
170920,119
137710,119
181800,119
156410,119
176820,118
172650,118
146700,118
158740,118
181560,118
138950,118
125940,118
182570,118
166520,118
162930,118
129700,117
174220,117
128380,117
143090,117
161260,117
148250,117
166280,117
161500,117
147760,117
182310,117
143600,117
158000,117
161430,117
139240,117
152200,117
129480,116
133440,116
176670,116
163690,116
168410,116
129010,116
137580,116
159320,115
138700,115
153760,115
157040,115
162610,115
156650,115
150360,115
158270,115
170880,115
177220,115
135100,115
176960,115
142320,115
166720,114
156740,114
153650,114
178380,114
125560,114
150120,114
125780,114
172720,114
171090,114
182190,114
155630,113
128400,113
137820,113
145530,112
150020,112
150220,112
150540,112
142110,112
168750,112
142390,112
178840,111
147000,111
142240,111
172540,111
157160,111
142580,111
167350,111
140620,111
152510,111
162010,111
130770,111
177970,111
142500,111
150600,111
138540,110
145440,110
174590,110
150310,110
180430,110
138900,110
156790,110
131960,110
152140,110
152410,110
163760,110
159190,110
151720,110
176720,110
159010,110
130140,109
124090,109
139820,109
174910,109
164560,109
155490,109
173810,109
134810,109
163580,109
159830,109
165150,108
135520,108
148370,108
132240,108
142150,108
163240,108
124320,108
136580,108
129650,108
133270,108
172590,108
163790,108
150930,108
142450,108
180340,107
164340,107
145040,107
163740,107
128680,107
128540,107
133090,107
174610,106
142570,106
162790,106
125230,106
151230,106
174060,106
126100,106
180970,106
173680,106
126840,105
175120,105
146400,105
143050,105
125600,105
124080,105
129330,105
126150,105
133200,105
139830,105
150680,104
124060,104
123800,104
182350,104
144080,104
171620,104
138750,104
137250,104
182410,104
178970,103
175550,103
172360,103
137150,103
155940,103
127820,103
127470,103
177050,103
155300,103
152910,103
160030,103
145950,102
137170,102
147590,102
142100,102
158720,102
151280,102
170430,102
126350,101
178860,101
134210,101
126330,101
142900,101
141610,101
151050,101
138490,101
171590,101
146510,101
143150,101
126690,101
160230,101
169600,101
126070,101
142920,100
174510,100
142170,100
151060,100
156200,100
169120,100
123880,100
163610,100
160660,100
178000,100
134350,100
128430,100
164550,99
172140,99
151640,99
159650,99
148980,99
152370,99
148660,99
170610,99
144040,99
144510,99
123830,99
131340,98
124380,98
145150,98
145840,98
168050,98
161680,98
172890,98
159810,97
168920,97
127580,97
177380,97
129160,97
136590,97
154110,97
162840,97
159530,97
124290,97
145410,97
181780,97
155050,97
170420,97
176140,97
144140,97
129470,97
154820,97
154650,97
160310,96
159500,96
153340,96
125840,96
146640,96
159760,96
162240,96
136010,96
166180,96
136500,96
170860,96
149010,95
177680,95
158800,95
167500,95
153210,95
136370,95
129630,95
128650,95
145070,95
138220,95
135460,95
157990,95
164960,95
153670,95
140930,95
173210,95
127590,95
166380,94
172900,94
131830,94
163530,94
133790,94
150480,94
162210,94
146750,93
138500,93
166740,93
167900,93
144430,93
135200,93
151130,93
169920,93
162050,93
153700,93
171980,93
136070,93
151790,93
138270,92
126700,92
140380,92
146210,92
129400,92
123910,92
125280,92
148710,92
155080,92
136270,92
168060,92
126200,92
176550,91
162440,91
151460,91
128260,91
176480,91
155730,91
151870,91
134670,91
180360,91
160120,90
143360,90
126190,90
179320,90
182520,90
181790,90
132130,90
124550,90
136950,90
171050,90
129090,90
162450,90
132650,90
156600,90
146650,90
178900,90
166760,89
161530,89
161280,89
173970,89
147400,89
180920,89
147480,89
152450,89
163830,89
158100,89
127040,88
144670,88
179990,88
125760,88
130120,88
179170,88
182390,88
169790,88
174690,88
152880,88
172820,88
158500,88
164180,88
179640,88
143120,87
168850,87
149130,87
123810,87
143970,87
149340,87
165710,87
142090,87
175070,87
125850,87
135900,87
175540,87
131570,87
126250,86
177540,86
172520,86
133160,86
134910,86
163720,86
173710,86
134750,86
176630,86
171730,86
175150,86
139590,86
157470,86
139950,86
169510,86
131490,86
168170,86
182300,86
123980,85
123640,85
161690,85
153940,85
154850,85
128760,85
137220,85
133570,85
157000,85
151290,84
165030,84
140050,84
169060,84
151110,84
159520,84
165530,84
153390,84
127830,84
161730,84
157430,84
162180,84
153920,84
140340,84
171880,84
129280,84
131550,84
177590,84
165950,83
124630,83
126740,83
163940,83
157850,83
135770,83
170540,83
160530,83
160450,83
123520,83
140480,83
155330,83
164630,82
158890,82
128860,82
175190,82
163980,82
150670,82
164440,82
151220,82
175950,82
135620,82
174050,82
149850,82
152650,82
174810,82
136670,82
176560,82
164950,82
171470,81
178640,81
138510,81
133010,81
133050,81
170820,81
158980,81
157210,80
171790,80
132800,80
181610,80
155450,80
151400,80
146070,80
147940,80
177960,80
169240,80
149650,80
139910,80
173020,79
132710,79
131580,79
158550,79
129310,79
142350,79
160090,79
154290,79
154830,79
131620,79
129520,79
162950,79
151170,79
135640,79
169000,79
131860,79
167090,79
167300,79
131180,79
134770,79
177790,79
149210,78
156800,78
142510,78
130300,78
134250,78
128530,78
128900,78
152400,78
174700,78
170630,78
156710,78
136470,78
179940,78
161310,78
133130,78
156940,78
182420,78
135440,78
136230,78
163860,77
155960,77
170750,77
149160,77
156060,77
167140,77
176760,77
169290,77
163470,77
163410,77
135690,77
124940,77
152600,77
124070,77
127100,77
132590,77
165310,77
123770,77
174900,76
146560,76
159390,76
169800,76
131170,76
154720,76
138080,76
129850,76
138600,76
150000,76
161010,76
130550,76
165040,76
149540,75
170370,75
173870,75
124830,75
129880,75
137520,75
133240,75
142460,75
163620,75
168010,75
157910,75
129100,75
170950,74
146730,74
145600,74
159030,74
159330,74
177020,74
159670,74
160100,74
175370,74
141050,74
179680,74
153980,73
143960,73
130820,73
151340,73
123490,73
135330,73
173450,73
181770,73
148930,73
131510,73
173200,73
126450,73
144070,73
171830,73
166560,73
170520,72
126890,72
158140,72
128470,72
141160,72
149980,72
179140,72
138310,72
163990,72
144660,72
133100,72
149760,72
155350,71
176190,71
177640,71
180730,71
130320,71
170140,71
173790,71
181880,71
134500,71
128850,71
146910,71
125260,71
157370,71
147580,71
140640,71
136110,71
136300,71
147150,71
160650,71
150690,70
150500,70
153490,70
157300,70
144470,70
180940,70
145430,70
129420,70
160540,70
137610,70
181300,70
148230,70
160420,70
134280,70
176330,70
143440,70
175220,70
179500,69
147290,69
170410,69
163170,69
134860,69
127160,69
143640,69
152010,69
127620,69
172300,69
166530,69
172770,69
125460,69
127230,69
179490,69
172550,69
149040,69
161720,69
138130,69
166370,69
162490,69
173750,69
148690,69
147450,69
167480,69
145610,69
170620,69
125900,68
172950,68
145110,68
181170,68
160220,68
173500,68
182020,68
172480,68
155000,68
145400,68
176690,68
151360,68
158260,68
179360,68
179660,68
181890,68
158700,68
182870,68
154710,67
156050,67
150530,67
151450,67
134290,67
148340,67
130640,67
129040,67
171580,67
142140,67
164160,67
151040,67
178280,67
177310,67
177830,67
168070,67
161880,67
145140,67
150250,66
127750,66
174120,66
151540,66
125300,66
141400,66
135320,66
173060,66
160980,66
128720,66
176180,66
131760,66
160560,66
177270,66
141300,66
155030,66
166120,66
163590,66
132210,66
140190,66
132400,66
150410,66
171000,65
160400,65
142260,65
126110,65
170470,65
138820,65
140350,65
162080,65
164310,65
131670,65
148560,65
135000,65
158310,65
140780,65
157220,65
141880,65
167950,64
129890,64
179310,64
174100,64
182210,64
158010,64
160620,64
145320,64
146920,64
125080,64
159770,64
126000,64
156250,64
162740,64
126300,64
142760,64
150190,64
176040,63
127540,63
123930,63
136520,63
178880,63
149480,63
131920,63
134560,63
137280,63
125340,63
152720,63
167620,63
129510,63
171750,63
160940,63
168420,63
136360,63
170810,63
144420,63
123710,63
131380,63
172660,63
148170,63
129060,63
175620,63
137440,63
124620,62
157450,62
142970,62
164450,62
158390,62
180820,62
158210,62
170580,62
125990,62
172210,62
162060,62
166000,62
166880,62
163680,62
124570,62
129360,62
166440,62
151840,62
145330,62
136350,62
177860,62
170700,62
178670,62
178320,61
150260,61
182370,61
181430,61
182630,61
160240,61
140870,61
174540,61
125000,61
157630,61
167760,61
133140,61
155500,61
146720,61
129940,61
124120,61
142930,61
178090,61
159200,60
147390,60
125720,60
156300,60
154400,60
147750,60
143460,60
170640,60
137190,60
138020,60
170900,60
159480,60
169490,60
168040,60
166850,60
142230,60
162660,60
133630,60
158910,60
166290,60
126090,60
156080,60
148570,60
149950,60
154490,60
151080,60
153530,60
128200,59
136290,59
147410,59
166930,59
171890,59
143350,59
134470,59
123560,59
169340,59
135150,59
178350,59
138210,59
134740,59
142160,59
143830,59
174020,59
129970,59
173010,59
138670,59
123990,59
132970,59
134760,58
149590,58
161750,58
152270,58
154560,58
153060,58
148590,58
138840,58
135910,58
139310,58
152890,58
131070,58
123540,58
144520,58
136810,57
168950,57
150880,57
169150,57
124460,57
138140,57
145520,57
163850,57
143750,57
172040,57
161020,57
149200,57
153290,57
136730,57
125500,57
132030,57
141710,57
173730,57
136420,57
150620,57
137800,57
165720,57
163500,57
173580,57
143810,56
128280,56
136550,56
140520,56
164020,56
141020,56
179130,56
163200,56
154570,56
132430,56
145490,56
164930,56
179760,56
165600,56
148010,56
180010,56
154660,56
169360,56
172990,55
138460,55
175970,55
143590,55
155710,55
127720,55
138350,55
160360,55
148970,55
142670,55
167800,55
154340,55
131220,55
172500,55
177030,55
144400,55
157060,55
127170,55
155220,55
173110,55
151560,55
124880,55
127840,54
132110,54
149530,54
133080,54
162700,54
124050,54
176080,54
133390,54
171690,54
178570,54
169540,54
132940,54
134390,54
139790,54
173920,54
140500,54
144090,54
181710,54
145080,54
158320,54
147380,54
150730,54
164060,54
135830,53
133760,53
157120,53
167680,53
132350,53
136920,53
127240,53
142560,53
133300,53
155680,53
173030,53
176710,53
127520,53
174330,53
137600,53
156810,53
126400,53
146250,53
152530,53
172470,53
127010,53
127220,53
177710,53
154600,53
148830,53
165940,53
169300,53
148150,53
154210,53
170830,52
170070,52
140670,52
151320,52
155990,52
171350,52
159900,52
165540,52
163640,52
181260,52
147700,52
141290,52
177650,52
152110,52
174580,52
166670,52
126800,52
142610,52
180050,52
141630,52
176490,52
154060,52
123720,52
175050,52
125410,52
141540,52
136620,52
168590,52
135010,52
160920,51
154520,51
133360,51
135490,51
144410,51
179080,51
145940,51
154670,51
162430,51
133890,51
125140,51
163650,51
158290,51
155530,51
133540,51
176460,51
164800,51
178480,51
151920,51
176240,50
150320,50
131210,50
124340,50
177720,50
154890,50
178390,50
169030,50
128440,50
177200,50
164190,50
127780,50
152380,50
169210,50
175940,50
129190,50
158350,50
153990,50
178850,50
125450,50
142310,50
129130,50
166390,50
134920,50
156450,50
175640,49
137080,49
159780,49
145980,49
172970,49
156260,49
141520,49
146550,49
177930,49
178600,49
165360,49
173240,49
170020,49
139400,49
134300,49
135630,49
175520,49
150760,49
182360,49
152760,49
152390,49
158830,49
136560,49
158150,49
173830,49
126790,48
170960,48
171440,48
161080,48
146900,48
175790,48
126520,48
174320,48
148620,48
137070,48
148180,48
158070,48
147160,48
178190,48
156580,48
141670,48
130370,48
161030,48
130660,48
179840,48
134950,48
128780,47
142890,47
168330,47
140020,47
153120,47
152550,47
128490,47
129390,47
172230,47
182480,47
126420,47
164940,47
175270,47
130160,47
172290,47
162290,47
153250,47
167740,47
128150,47
166240,47
150950,47
131090,47
167340,47
124650,47
150790,47
126570,47
148750,47
177390,47
158410,47
152740,47
150280,47
156560,47
160200,46
167770,46
132780,46
147900,46
162350,46
132000,46
128220,46
144880,46
131710,46
180150,46
182650,46
162090,46
128570,46
141280,46
154150,46
134550,46
134310,46
127280,46
155790,46
176920,46
178740,46
141380,46
138240,46
156020,46
135750,46
148050,46
148800,46
180610,46
130280,45
175800,45
139390,45
143520,45
165390,45
162680,45
131400,45
143890,45
181920,45
145500,45
141570,45
162040,45
154800,45
127940,45
161840,45
127640,45
145970,45
129250,45
126760,45
137900,45
156180,45
124210,45
180350,45
126460,45
175210,45
164150,45
147250,45
163330,45
149180,45
151160,45
157570,45
139410,45
144850,44
176530,44
172860,44
135090,44
154780,44
153660,44
136170,44
149230,44
141270,44
166810,44
147310,44
170060,44
152520,44
162140,44
172270,44
155820,44
169320,44
131310,44
154370,44
135160,44
168930,44
143790,44
177950,44
159000,44
175610,44
139000,43
156110,43
169020,43
158660,43
130400,43
177340,43
178060,43
144700,43
140750,43
132330,43
144120,43
137200,43
169330,43
170480,43
137300,43
180450,43
179370,43
126530,43
159800,43
124530,43
127350,43
155760,43
148960,43
133960,43
174250,43
176640,43
157820,43
181270,43
140760,43
131730,43
181440,43
128510,43
170040,43
140090,42
131650,42
128830,42
157950,42
134990,42
169690,42
148290,42
140770,42
175500,42
153220,42
154020,42
146760,42
167590,42
182590,42
141930,42
137260,42
133560,42
133410,42
144750,42
171010,42
167470,42
126730,42
173850,42
178730,42
152080,42
150660,42
163090,42
182110,42
165730,42
142400,42
163060,41
164110,41
134640,41
141580,41
135680,41
147790,41
174310,41
162120,41
150740,41
148030,41
169500,41
179670,41
173570,41
159510,41
174110,41
152750,41
142220,41
137430,41
141770,41
174660,41
126970,41
167180,41
126280,41
149310,41
147540,41
132910,41
158120,41
155070,41
163920,41
139250,41
153840,41
154330,41
167270,41
146310,41
155390,41
164850,41
152700,41
149580,41
139890,41
158130,40
141410,40
164490,40
169710,40
175140,40
133500,40
161270,40
130230,40
178690,40
181810,40
144500,40
159570,40
176420,40
158650,40
138230,40
136060,40
170510,40
149880,40
172420,40
177240,40
142290,40
123790,40
130260,40
165180,40
174990,40
127190,39
140010,39
131660,39
140200,39
139510,39
169780,39
124220,39
147650,39
134020,39
126930,39
163430,39
175510,39
163540,39
179110,39
155770,39
151670,39
152970,39
179300,39
158300,39
126380,39
163300,39
176310,39
181600,39
164910,39
148300,39
159180,39
136850,39
154140,39
149840,39
136390,39
174290,39
140140,39
143570,39
160370,39
160860,39
137990,39
168820,39
133700,39
171150,39
160430,39
126170,39
160990,39
141980,39
138880,39
127130,38
181360,38
124680,38
181700,38
172010,38
181040,38
137310,38
126540,38
181510,38
135650,38
161220,38
128300,38
175030,38
177700,38
127390,38
126240,38
124130,38
179880,38
140360,38
173980,38
160840,38
125210,38
147560,38
133970,38
124580,38
181500,37
135390,37
142010,37
152050,37
157620,37
179120,37
147200,37
130340,37
149680,37
143620,37
126640,37
126940,37
181010,37
168830,37
181830,37
167210,37
181670,37
172670,37
133750,37
153150,37
169960,37
176600,37
159850,37
131870,37
168970,37
162160,37
157230,37
161420,37
172510,37
167230,37
161360,37
162320,37
144590,37
132820,37
163110,37
182320,37
132360,36
178430,36
142040,36
124250,36
124750,36
126580,36
138120,36
153800,36
124350,36
124780,36
135180,36
132530,36
174470,36
153200,36
138190,36
180670,36
148670,36
180930,36
143230,36
171460,35
154920,35
133880,35
134960,35
156460,35
162030,35
176950,35
164790,35
176370,35
132580,35
151030,35
153320,35
142330,35
133850,35
173620,35
165130,35
137530,35
147780,35
125130,35
149660,35
180880,35
168870,35
163450,35
163220,35
139630,35
175840,35
161400,35
124610,35
159710,35
138100,35
158090,35
125890,35
151100,35
158940,35
130460,35
161340,35
177330,35
138780,35
177490,35
172320,35
152150,35
171190,35
139500,35
165670,35
162300,35
141010,35
134870,34
141080,34
157900,34
161160,34
160520,34
166030,34
124180,34
181230,34
175570,34
167530,34
181580,34
157140,34
125710,34
168230,34
125350,34
177080,34
178910,34
135570,34
171250,34
128420,34
163890,34
137410,34
141130,34
163570,34
154080,34
167660,34
164470,34
156550,34
156240,34
152440,34
166420,34
153350,34
150270,34
149370,34
149700,34
152580,34
140130,34
127070,33
162750,33
135980,33
163840,33
181060,33
156770,33
156690,33
173670,33
152460,33
142720,33
143560,33
176230,33
138000,33
167690,33
126670,33
125570,33
145670,33
166160,33
143060,33
179040,33
150810,33
156430,33
160700,33
123740,33
181100,33
179620,33
158220,33
179050,33
130440,33
139550,33
161640,33
160080,33
153180,33
137320,33
138680,33
125100,33
148910,33
173290,33
165890,33
139140,33
173700,33
169430,33
123900,32
132250,32
140470,32
180330,32
135600,32
157250,32
145390,32
165510,32
133550,32
126910,32
171930,32
126160,32
175230,32
151970,32
178170,32
166660,32
174030,32
127690,32
135720,32
144390,32
142840,32
156510,32
149730,32
180040,32
182050,32
142650,31
161390,31
172440,31
153860,31
128110,31
163560,31
161850,31
159940,31
179570,31
155560,31
182170,31
146430,31
165610,31
181730,31
124790,31
125120,31
139340,31
180090,31
171240,31
126440,31
143490,31
164610,31
140230,31
126310,31
124270,31
132380,31
160830,31
169680,31
180130,31
153030,31
126490,31
132920,31
165350,31
141760,31
158060,31
177040,31
129910,31
143200,31
155690,31
150180,31
173440,31
155850,31
152320,31
130000,31
137840,31
161070,31
143380,31
179240,31
149100,30
179800,30
176790,30
144810,30
182280,30
166820,30
132760,30
181210,30
165290,30
159040,30
175200,30
124240,30
160260,30
172980,30
178290,30
129440,30
124260,30
138650,30
150910,30
144890,30
170340,30
131160,30
147880,30
166130,30
139180,30
147530,30
146450,30
154500,30
174180,30
164130,30
161170,30
161130,30
179720,30
181760,30
146600,30
140060,30
174200,30
182120,30
161410,30
145700,29
179900,29
174890,29
180180,29
146520,29
174600,29
178990,29
144200,29
124200,29
141640,29
155410,29
137370,29
166010,29
148200,29
161460,29
125790,29
164880,29
166020,29
151330,29
146580,29
134270,29
141730,29
158810,29
166210,29
142730,29
133580,29
151630,29
144740,29
172350,29
150140,29
161520,29
158530,29
128160,29
151820,29
148240,29
157800,29
142700,29
131890,29
153260,29
175690,29
144970,29
154750,29
180780,29
133680,29
154350,29
174800,29
153640,29
180140,29
177120,29
155510,29
136840,29
166540,29
124640,29
159470,29
155890,29
180850,29
181190,29
171110,29
145850,29
131700,29
171970,29
182000,29
169660,28
134100,28
153000,28
137480,28
141330,28
165740,28
140820,28
138330,28
128080,28
181140,28
173610,28
148510,28
126010,28
137210,28
151210,28
175020,28
179350,28
140370,28
180110,28
178980,28
148730,28
163520,28
175820,28
168250,28
157540,28
170350,28
168110,28
173330,28
161200,28
129230,28
134170,28
173740,28
139190,28
129990,28
164750,28
160180,28
139740,28
167320,28
138160,28
146360,28
160250,28
163800,28
129220,28
129820,28
170780,28
130380,28
165840,28
138850,28
147220,28
173860,28
160300,28
140220,28
159630,28
178920,28
161820,28
168160,28
161040,28
137050,28
170330,28
154480,28
129870,28
143310,28
154170,28
151470,28
136430,28
157460,28
147080,28
164000,28
141490,28
151090,28
166430,27
180080,27
174620,27
139280,27
135240,27
171940,27
128930,27
126950,27
130350,27
136030,27
125960,27
135700,27
129200,27
151650,27
123940,27
144210,27
128450,27
138590,27
153720,27
134610,27
173510,27
155170,27
157680,27
172220,27
147800,27
129930,27
127400,27
150750,27
123480,27
179700,27
132440,27
171330,27
162980,27
173960,27
167080,27
174950,27
129240,27
123840,27
138920,27
142850,27
149120,27
128320,27
180620,27
150520,27
155610,27
176740,27
158400,27
148130,26
147440,26
125730,26
178490,26
168200,26
134050,26
146200,26
124470,26
149970,26
130270,26
178800,26
124100,26
133110,26
182160,26
181120,26
178780,26
176210,26
157340,26
135940,26
150710,26
168840,26
151420,26
176300,26
168240,26
125160,26
128660,26
165930,26
135060,26
169650,26
168630,26
127290,26
130050,26
146440,26
138940,26
166140,26
150920,26
155280,26
139040,26
160380,26
159880,26
153440,26
175600,26
155430,26
133980,26
141740,26
160170,26
125910,26
179600,26
139360,26
132480,26
174230,26
150350,26
141390,26
141500,26
137450,25
165460,25
136700,25
137590,25
150970,25
177600,25
180710,25
141620,25
150570,25
170760,25
167200,25
135380,25
164840,25
136750,25
156360,25
132470,25
162720,25
128240,25
164120,25
128270,25
127920,25
127810,25
156390,25
147120,25
175730,25
129300,25
133220,25
168380,25
177360,25
139540,25
157890,25
144000,25
146000,25
128090,25
157740,25
169550,25
172330,25
124910,25
181550,25
154380,25
130920,25
135730,25
128020,25
169140,25
175400,25
127930,24
173760,24
127250,24
172740,24
135840,24
159210,24
154680,24
181640,24
167510,24
143170,24
159750,24
143320,24
153420,24
133520,24
158370,24
137870,24
175420,24
173130,24
168340,24
172190,24
145780,24
146280,24
177010,24
128330,24
129120,24
142050,24
153140,24
155370,24
174860,24
152920,24
130940,24
156480,24
152130,24
166500,24
162500,24
125800,24
141840,24
134140,24
168030,24
141000,24
126430,24
155920,24
146470,24
138170,24
178520,24
171380,24
137500,24
154690,24
137400,23
166250,23
138730,23
132490,23
171810,23
131420,23
136020,23
178360,23
162780,23
179190,23
152300,23
150900,23
152640,23
129500,23
136490,23
129450,23
139330,23
151490,23
149600,23
123630,23
133590,23
171340,23
162110,23
181590,23
141650,23
160630,23
134850,23
148940,23
133720,23
151750,23
161740,23
150990,23
175880,23
163780,23
167630,23
171540,23
164410,23
168300,23
135790,23
154540,23
125060,23
158820,23
168080,23
172630,23
164040,23
178590,23
124980,23
160720,23
179280,23
138530,23
178300,23
177110,23
138010,23
152250,23
145120,23
169990,23
136150,23
167730,23
153040,23
144130,22
140210,22
144530,22
146970,22
137740,22
158520,22
152430,22
125820,22
176540,22
150470,22
175080,22
129150,22
127330,22
170310,22
161470,22
124520,22
151530,22
147030,22
158470,22
135310,22
170380,22
123650,22
160340,22
140680,22
168260,22
141420,22
126390,22
128950,22
129760,22
169820,22
155970,22
135040,22
167580,22
170450,22
162330,22
167110,22
170460,22
130750,22
151300,22
163050,22
131930,22
130850,22
156950,22
124480,22
132100,22
124930,22
141040,21
180060,21
125640,21
132200,21
132390,21
180270,21
177670,21
130910,21
134730,21
125070,21
137160,21
161350,21
133040,21
169470,21
127030,21
151150,21
142200,21
153430,21
146220,21
125380,21
179260,21
127900,21
157770,21
151850,21
135890,21
133950,21
147620,21
159230,21
174830,21
133230,21
125930,21
156750,21
139270,21
151200,21
169670,21
160790,21
160710,21
182610,21
156540,21
138930,21
164250,21
148500,21
159300,21
125590,21
158970,21
180240,21
172260,21
133320,21
126480,21
182500,21
140410,21
180950,21
179340,21
181540,21
140980,21
143420,21
156520,21
179510,20
125520,20
171550,20
144480,20
152870,20
149020,20
143110,20
150160,20
166270,20
140150,20
149510,20
133450,20
162970,20
137270,20
129800,20
150170,20
161600,20
166970,20
168510,20
151480,20
176360,20
142060,20
182180,20
126500,20
158640,20
152230,20
148880,20
178890,20
153450,20
146080,20
180530,20
162360,20
139530,20
127870,20
131040,20
127150,20
158250,20
137060,20
138440,20
133180,20
146190,20
157810,20
148550,20
126140,20
152100,20
138630,20
144030,20
133000,20
175100,20
150100,20
139230,20
166680,20
159690,20
124920,20
146330,20
129810,20
179850,20
179770,19
156230,19
136210,19
168500,19
167150,19
182220,19
179550,19
136260,19
162390,19
180400,19
129670,19
175260,19
163180,19
145380,19
164990,19
133430,19
166480,19
151860,19
159120,19
174570,19
161930,19
169480,19
174530,19
125660,19
133380,19
157480,19
156900,19
180560,19
180370,19
151930,19
145550,19
138870,19
134970,19
144960,19
145860,19
176580,19
177610,19
162070,19
157130,19
159490,19
127180,19
123580,19
134490,19
129560,19
176970,19
136000,19
153080,19
164830,19
168550,19
165630,19
126120,19
152610,19
134160,19
125440,19
173560,19
152790,19
138990,19
171900,19
147570,19
179010,19
164480,19
142470,19
172370,19
180990,19
176910,19
181350,19
182030,19
149500,19
162020,18
125920,18
164730,18
130520,18
169090,18
161090,18
164820,18
143500,18
171200,18
125270,18
167960,18
164230,18
181050,18
145360,18
165660,18
134940,18
159380,18
177320,18
157760,18
128340,18
127630,18
161570,18
148860,18
135020,18
144790,18
149720,18
130830,18
163250,18
180720,18
160910,18
145170,18
158850,18
139170,18
124140,18
156990,18
175010,18
147470,18
145280,18
126230,18
176660,18
162600,18
138740,18
155200,18
158630,18
163660,18
161490,18
152540,18
172530,18
130450,18
179460,18
138370,18
179400,18
143480,18
180590,18
153460,17
149050,17
153410,17
173430,17
156640,17
144310,17
145220,17
164330,17
147370,17
134530,17
178550,17
131770,17
134600,17
148810,17
149740,17
181080,17
149320,17
165170,17
154240,17
163390,17
180810,17
155520,17
133290,17
156040,17
181850,17
158200,17
134660,17
143040,17
144270,17
165550,17
174380,17
162810,17
133280,17
134110,17
142640,17
125190,17
178160,17
123500,17
144760,17
135030,17
165280,17
125310,17
165520,17
123750,17
164780,17
139300,17
148280,17
162920,17
129530,17
144910,17
174980,17
138030,17
137810,17
167810,17
128520,17
181200,17
174560,17
138970,17
166600,16
139900,16
132260,16
161190,16
145810,16
153630,16
140240,16
153190,16
124360,16
156090,16
151070,16
162470,16
151270,16
167930,16
163130,16
125150,16
131460,16
169560,16
126900,16
144600,16
145180,16
142420,16
176780,16
171400,16
136570,16
181930,16
133490,16
132730,16
171710,16
136780,16
139840,16
132450,16
152800,16
134190,16
153330,16
145570,16
181490,16
135920,16
138860,16
125320,16
176930,16
133510,16
170180,16
125610,16
139320,16
129620,16
161120,16
151810,16
169520,16
182510,16
160270,16
155570,16
146380,16
169570,16
142880,16
126040,16
161230,16
167780,16
171420,15
162170,15
177420,15
151240,15
168100,15
171760,15
128120,15
173840,15
134790,15
179730,15
139720,15
130600,15
131530,15
142360,15
156370,15
176940,15
165260,15
143330,15
127500,15
138280,15
172390,15
170400,15
148850,15
172780,15
161830,15
155400,15
133820,15
178540,15
173540,15
173880,15
170110,15
164980,15
146180,15
171720,15
178950,15
140000,15
154970,15
161980,15
156340,15
131270,15
139780,15
141140,15
182130,15
156210,15
135290,15
137630,15
125810,15
155160,15
163420,15
176680,15
181900,15
181420,15
150870,15
152360,15
176840,15
146870,15
138890,15
147840,15
132720,15
161770,15
178930,15
141260,15
178560,15
135120,15
124540,15
168120,15
140290,15
124890,15
138560,14
127850,14
146660,14
140460,14
174150,14
152240,14
171520,14
164510,14
152340,14
151190,14
179690,14
175060,14
147930,14
130650,14
169610,14
143850,14
133690,14
157320,14
165270,14
135610,14
124970,14
174750,14
159420,14
144160,14
144840,14
158570,14
170940,14
155980,14
123730,14
153960,14
180100,14
157830,14
176150,14
128180,14
175310,14
169260,14
166470,14
159860,14
134890,14
130670,14
155540,14
161590,14
166190,14
133480,14
171280,14
130490,14
165830,14
149470,14
162150,14
168480,14
177890,14
130080,14
173120,14
172340,14
182760,14
144110,14
171530,14
143390,14
136990,14
127950,14
174300,14
153550,14
163150,14
151430,14
123550,13
167390,13
179870,13
134410,13
151390,13
147990,13
153600,13
166890,13
181290,13
132840,13
128820,13
178240,13
167560,13
158690,13
165100,13
170530,13
161050,13
164710,13
180740,13
165090,13
156670,13
173590,13
161250,13
182620,13
136630,13
126600,13
167610,13
137110,13
130430,13
165870,13
146890,13
175350,13
140890,13
182150,13
138050,13
151990,13
137920,13
155040,13
149640,13
131690,13
165190,13
140730,13
148700,13
174090,13
148190,13
133900,13
172560,13
132550,13
132420,13
146240,13
172050,13
176000,13
155780,13
127970,13
143010,13
171570,13
138110,13
153300,13
148470,13
177850,13
144800,13
156070,13
136180,13
162560,13
129900,13
175720,12
156780,12
159250,12
148040,12
139860,12
156700,12
128370,12
171100,12
157930,12
174920,12
139600,12
152630,12
153070,12
171660,12
159170,12
159350,12
149150,12
172620,12
168320,12
168470,12
136660,12
179390,12
177810,12
127320,12
169890,12
127700,12
154000,12
136970,12
137180,12
133250,12
153850,12
153930,12
166410,12
125220,12
144340,12
160960,12
134360,12
135080,12
147980,12
178770,12
179060,12
127020,12
158860,12
126020,12
163210,12
140790,12
138980,12
182820,12
143270,12
145230,12
166900,12
124420,12
179780,12
149570,12
150070,12
150450,12
156920,12
152770,12
137540,12
169970,12
142180,12
145130,12
165960,12
157240,11
126220,11
134040,11
127380,11
143550,11
161240,11
148630,11
149290,11
156590,11
138580,11
132620,11
128710,11
141450,11
158440,11
168460,11
176800,11
139260,11
162820,11
148600,11
124020,11
150960,11
182740,11
159700,11
161890,11
124410,11
125580,11
163380,11
136310,11
168290,11
154730,11
168660,11
178620,11
170300,11
147610,11
126180,11
143770,11
124300,11
182700,11
134820,11
130620,11
131820,11
133210,11
149750,11
151740,11
125740,11
139800,11
165000,11
158950,11
139460,11
138090,11
161790,11
170100,11
148060,11
165570,11
128290,11
158880,11
167920,11
137910,11
161810,11
130330,11
139620,11
175170,11
140120,11
123670,11
152670,11
173090,11
125860,11
168360,11
154620,11
139730,11
157660,11
159220,11
173340,11
163020,11
148820,11
176030,11
164500,11
176700,11
139760,10
145010,10
132950,10
171180,10
177370,10
141110,10
130290,10
142710,10
135130,10
166800,10
152620,10
160800,10
178870,10
125510,10
129660,10
165980,10
180660,10
177910,10
137120,10
165910,10
142410,10
181460,10
177230,10
142080,10
171650,10
147140,10
178050,10
174960,10
149350,10
149240,10
164030,10
156830,10
166960,10
125880,10
145370,10
145690,10
155230,10
134830,10
157330,10
171870,10
132290,10
182800,10
154320,10
163370,10
145510,10
126410,10
131080,10
138260,10
144770,10
153880,10
157490,10
154120,10
158360,10
130610,10
123860,10
160970,10
147270,10
182240,10
148890,10
181650,10
134700,10
168350,10
157730,10
138060,10
126720,10
128790,10
135810,10
134340,10
123610,10
160500,10
178710,10
129020,10
140550,10
153270,10
177140,10
133640,10
151980,10
182780,9
156630,9
175250,9
134620,9
152040,9
130700,9
132790,9
171480,9
144380,9
142120,9
141090,9
139290,9
175340,9
181690,9
156890,9
173390,9
167520,9
157580,9
169170,9
143540,9
142370,9
137780,9
172170,9
170250,9
178660,9
132270,9
144360,9
136690,9
128310,9
157400,9
152060,9
176010,9
174460,9
164570,9
166340,9
126510,9
160000,9
132610,9
171230,9
125650,9
168580,9
138450,9
153480,9
163490,9
175380,9
144830,9
174640,9
149080,9
166650,9
171170,9
147720,9
166110,9
129770,9
154470,9
152190,9
151350,9
137510,9
125040,9
174360,9
139370,9
155870,9
168520,9
172450,9
179470,9
142870,9
173170,9
166200,9
180300,9
164270,9
148530,9
165810,9
136900,9
129380,9
134930,8
143680,8
160060,8
151010,8
176500,8
176430,8
170800,8
154190,8
154050,8
161140,8
134840,8
163510,8
129290,8
124500,8
158430,8
168490,8
162870,8
134200,8
173490,8
178810,8
149810,8
137100,8
131010,8
182090,8
132770,8
165860,8
157390,8
181380,8
161780,8
132070,8
136860,8
162260,8
182490,8
173530,8
169130,8
157970,8
175740,8
160550,8
143260,8
155650,8
142380,8
164320,8
129740,8
160480,8
133470,8
125470,8
144060,8
130590,8
152260,8
172790,8
176980,8
146930,8
182770,8
142800,8
142480,8
131030,8
136380,8
153810,8
174550,8
146320,8
127980,8
132600,8
135870,8
166580,8
168280,8
140590,8
131610,8
146990,8
143140,8
158030,8
135190,8
130580,8
162480,7
138070,7
167570,7
125090,7
137620,7
181940,7
182810,7
139380,7
142190,7
144730,7
172060,7
146010,7
180640,7
141950,7
138760,7
150300,7
168720,7
128840,7
176470,7
182690,7
155120,7
159090,7
130720,7
180860,7
128810,7
146410,7
132830,7
140660,7
148900,7
141430,7
139220,7
153610,7
159370,7
157590,7
170220,7
180480,7
138660,7
164140,7
151580,7
157170,7
137860,7
144940,7
159580,7
179580,7
154580,7
152570,7
180420,7
176390,7
169630,7
181910,7
169590,7
181470,7
130020,7
153950,7
157750,7
146810,7
169880,7
154630,7
131330,7
165970,7
152990,7
177090,7
171220,7
155670,7
126860,7
143860,7
152470,6
161630,6
162760,6
173300,6
145000,6
166710,6
175560,6
148610,6
154280,6
147890,6
156100,6
157050,6
140390,6
156120,6
170440,6
128210,6
164300,6
168610,6
145820,6
137230,6
148360,6
152560,6
143400,6
162130,6
173250,6
147640,6
151800,6
143450,6
165160,6
177460,6
161900,6
179000,6
175240,6
182550,6
143530,6
140270,6
166100,6
152660,6
147950,6
148870,6
162270,6
175130,6
136720,6
165820,6
130800,6
135250,6
140540,6
149670,6
147820,6
177180,6
136890,6
130030,6
169270,6
153970,6
130950,6
144950,6
161060,6
136510,6
141550,6
154220,6
140450,6
159440,6
175490,6
144630,6
131450,6
141960,6
182400,6
174140,6
172680,6
130790,6
178790,6
156530,6
157090,6
160410,6
142950,5
176400,5
147680,5
166170,5
132230,5
132180,5
124010,5
163770,5
174400,5
170600,5
141470,5
150630,5
157030,5
178440,5
151710,5
150830,5
167890,5
165690,5
144370,5
176280,5
128880,5
143930,5
142590,5
145420,5
132160,5
171630,5
179290,5
150420,5
152220,5
164240,5
177070,5
126590,5
175780,5
180320,5
125480,5
153470,5
179910,5
128230,5
149620,5
152210,5
182270,5
157290,5
124030,5
174680,5
136450,5
164050,5
132990,5
154450,5
156610,5
175480,5
166230,5
166980,5
155930,5
151680,5
132960,5
177880,5
165420,5
180500,5
138480,5
163630,5
180190,5
175000,5
152120,5
147520,5
153500,5
139920,5
128630,5
147600,5
129680,5
135220,5
139470,5
128730,4
129840,4
125870,4
127340,4
131470,4
170260,4
130060,4
128970,4
159730,4
176200,4
173940,4
127890,4
158990,4
171740,4
127360,4
124450,4
123530,4
151600,4
153680,4
135140,4
145200,4
143730,4
145480,4
140800,4
169980,4
149870,4
145660,4
165320,4
132170,4
127550,4
146090,4
148400,4
148650,4
131600,4
172120,4
148160,4
143710,4
155260,4
141240,4
163870,4
165050,4
163080,4
135510,4
127560,4
182460,4
146610,4
144570,4
128170,4
159920,3
173910,3
169860,3
161710,3
138320,3
131940,3
128910,3
151780,3
149460,3
141480,3
170240,3
177750,3
182730,3
129950,3
150980,3
131440,3
163190,3
153740,3
152860,3
150430,3
180170,3
134030,3
156190,3
157440,3
130110,3
143000,3
146160,3
128640,3
140530,3
166920,3
126650,3
168780,3
176160,3
165060,3
128550,3
167840,3
175360,3
138770,3
145890,3
139480,3
166790,3
165650,3
141850,3
165450,3
151000,3
147850,3
164460,3
144230,3
180580,3
150490,3
136820,3
137390,3
164620,3
141170,3
131320,3
131300,2
128750,2
156490,2
152690,2
180800,2
148210,2
154420,2
156910,2
166590,2
132280,2
173820,2
180870,2
126030,2
141990,2
178960,2
162570,2
129170,2
174080,2
154230,2
154880,2
159450,2
129080,2
127910,2
174270,2
167160,2
175530,2
128140,2
130680,2
156030,2
167540,2
182200,2
161620,2
146420,2
169760,2
171860,2
146820,2
139670,2
168560,2
178310,2
164290,2
170290,2
147920,2
179950,2
131880,2
164540,2
170790,2
179420,2
134520,2
146030,2
179410,2
164680,2
152160,2
132980,2
144240,1
137470,1
156570,1
158020,1
177520,1
133910,1
153890,1
130990,1
181330,1
133070,1
160780,1
163440,1
172910,1
150700,1
168810,1
182330,1
179560,1
181740,1
130170,1
151950,1
177470,1
132700,1
155240,1
179480,1
169530,1
173310,1
179230,1
155620,1
182680,1
155100,1
153130,1
131350,1
157530,1
180840,1
159400,1
160730,1
138410,1
160930,1
174430,1
167380,1
156680,1
145760,1
179860,1
181840,1
153160,1
167650,1
143510,1
151180,1
131850,1
137030,1
177630,1
163230,1
169900,1
177150,1
158230,1
161440,1
178460,1
133660,1
161480,1
180680,1
131060,1
131200,1
123460,1
167420,1
147050,1
140900,1
171020,1
173470,1
181130,1
179250,1
167370,1
133020,1
